{"cameraMode":{"drawMode":0,"name":"Shaded","section":"Shading Mode"},"sceneLighting":true,"audioPlay":false,"sceneViewState":{"showFog":true,"showMaterialUpdate":false,"showSkybox":true,"showFlares":true,"showImageEffects":true,"showParticleSystems":true},"in2DMode":false,"pivot":{"x":-164.3284912109375,"y":-39.821571350097659,"z":-81.21267700195313},"rotation":{"x":0.18154789507389069,"y":0.5441902875900269,"z":-0.12197568267583847,"w":0.8099550604820252},"size":170.8726348876953,"orthographic":true}