{"cameraMode":{"drawMode":0,"name":"Shaded","section":"Shading Mode"},"sceneLighting":true,"audioPlay":false,"sceneViewState":{"showFog":true,"showMaterialUpdate":false,"showSkybox":true,"showFlares":true,"showImageEffects":true,"showParticleSystems":true},"in2DMode":false,"pivot":{"x":-16.470603942871095,"y":110.45606994628906,"z":31.095273971557618},"rotation":{"x":0.1268555074930191,"y":0.005354869645088911,"z":-0.0006910804659128189,"w":0.9919273853302002},"size":243.5426788330078,"orthographic":true}