{"cameraMode":{"drawMode":0,"name":"Shaded","section":"Shading Mode"},"sceneLighting":false,"audioPlay":false,"sceneViewState":{"showFog":true,"showMaterialUpdate":false,"showSkybox":false,"showFlares":true,"showImageEffects":true,"showParticleSystems":true},"in2DMode":false,"pivot":{"x":-0.16666172444820405,"y":-0.002108141779899597,"z":0.057300686836242679},"rotation":{"x":0.0181890819221735,"y":-0.9558668732643127,"z":0.06059645488858223,"w":0.28691643476486208},"size":0.17702984809875489,"orthographic":false}