{"cameraMode":{"drawMode":0,"name":"Shaded","section":"Shading Mode"},"sceneLighting":false,"audioPlay":false,"sceneViewState":{"showFog":true,"showMaterialUpdate":false,"showSkybox":false,"showFlares":true,"showImageEffects":true,"showParticleSystems":true},"in2DMode":false,"pivot":{"x":-0.045853614807128909,"y":0.1170196533203125,"z":0.059932708740234378},"rotation":{"x":0.0022965024691075088,"y":-0.9974600672721863,"z":0.06022943556308746,"w":0.03802840784192085},"size":13.739124298095704,"orthographic":false}