{"cameraMode":{"drawMode":0,"name":"Shaded","section":"Shading Mode"},"sceneLighting":false,"audioPlay":false,"sceneViewState":{"showFog":true,"showMaterialUpdate":false,"showSkybox":false,"showFlares":true,"showImageEffects":true,"showParticleSystems":true},"in2DMode":false,"pivot":{"x":-5.017964839935303,"y":3.498056650161743,"z":-3.2363247871398927},"rotation":{"x":-0.039051543921232226,"y":0.8785165548324585,"z":-0.07291655987501145,"w":-0.47050991654396059},"size":6.785233974456787,"orthographic":false}