{"cameraMode":{"drawMode":0,"name":"Shaded","section":"Shading Mode"},"sceneLighting":false,"audioPlay":false,"sceneViewState":{"showFog":true,"showMaterialUpdate":false,"showSkybox":false,"showFlares":true,"showImageEffects":true,"showParticleSystems":true},"in2DMode":false,"pivot":{"x":-0.018858671188354493,"y":0.15922826528549195,"z":0.015010356903076172},"rotation":{"x":0.0022965024691075088,"y":-0.9974600672721863,"z":0.06022943556308746,"w":0.03802840784192085},"size":2.52994441986084,"orthographic":false}