{"cameraMode":{"drawMode":0,"name":"Shaded","section":"Shading Mode"},"sceneLighting":false,"audioPlay":false,"sceneViewState":{"showFog":true,"showMaterialUpdate":false,"showSkybox":false,"showFlares":true,"showImageEffects":true,"showParticleSystems":true},"in2DMode":false,"pivot":{"x":-1.3907215595245362,"y":1.1429129838943482,"z":0.9679352045059204},"rotation":{"x":-0.0916309729218483,"y":0.6894597411155701,"z":-0.08860230445861817,"w":-0.7130244970321655},"size":2.70739483833313,"orthographic":false}