{"cameraMode":{"drawMode":0,"name":"Shaded","section":"Shading Mode"},"sceneLighting":false,"audioPlay":false,"sceneViewState":{"showFog":true,"showMaterialUpdate":false,"showSkybox":false,"showFlares":true,"showImageEffects":true,"showParticleSystems":true},"in2DMode":false,"pivot":{"x":-0.006630301475524902,"y":1.197619915008545,"z":-0.10772308707237244},"rotation":{"x":0.0017117784591391683,"y":0.9982616901397705,"z":-0.04526176303625107,"w":0.03775303065776825},"size":1.6905323266983033,"orthographic":false}