{"cameraMode":{"drawMode":0,"name":"Shaded","section":"Shading Mode"},"sceneLighting":false,"audioPlay":false,"sceneViewState":{"showFog":true,"showMaterialUpdate":false,"showSkybox":false,"showFlares":true,"showImageEffects":true,"showParticleSystems":true},"in2DMode":false,"pivot":{"x":-0.1920088529586792,"y":0.869131326675415,"z":0.13344204425811768},"rotation":{"x":0.0022965024691075088,"y":-0.9974600672721863,"z":0.06022943556308746,"w":0.03802840784192085},"size":2.935856580734253,"orthographic":false}