{"cameraMode":{"drawMode":0,"name":"Shaded","section":"Shading Mode"},"sceneLighting":false,"audioPlay":false,"sceneViewState":{"showFog":true,"showMaterialUpdate":false,"showSkybox":false,"showFlares":true,"showImageEffects":true,"showParticleSystems":true},"in2DMode":false,"pivot":{"x":0.04633168876171112,"y":0.36336737871170046,"z":0.5649223327636719},"rotation":{"x":0.14437901973724366,"y":-0.013357969932258129,"z":0.0019498469773679972,"w":0.9894315004348755},"size":1.3732051849365235,"orthographic":false}