{"cameraMode":{"drawMode":0,"name":"Shaded","section":"Shading Mode"},"sceneLighting":false,"audioPlay":false,"sceneViewState":{"showFog":true,"showMaterialUpdate":false,"showSkybox":false,"showFlares":true,"showImageEffects":true,"showParticleSystems":true},"in2DMode":false,"pivot":{"x":-0.019705593585968019,"y":-0.0076670050621032719,"z":-0.0026384592056274416},"rotation":{"x":0.0022965024691075088,"y":-0.9974600672721863,"z":0.06022943556308746,"w":0.03802840784192085},"size":1.4389076232910157,"orthographic":false}