{"cameraMode":{"drawMode":0,"name":"Shaded","section":"Shading Mode"},"sceneLighting":false,"audioPlay":false,"sceneViewState":{"showFog":true,"showMaterialUpdate":false,"showSkybox":false,"showFlares":true,"showImageEffects":true,"showParticleSystems":true},"in2DMode":false,"pivot":{"x":-3.258162021636963,"y":1.3842908143997193,"z":1.4168522357940674},"rotation":{"x":0.0003547920205164701,"y":0.9804015755653381,"z":-0.19701243937015534,"w":0.001765566528774798},"size":0.7405738234519959,"orthographic":false}