{"cameraMode":{"drawMode":0,"name":"Shaded","section":"Shading Mode"},"sceneLighting":false,"audioPlay":false,"sceneViewState":{"showFog":true,"showMaterialUpdate":false,"showSkybox":false,"showFlares":true,"showImageEffects":true,"showParticleSystems":true},"in2DMode":false,"pivot":{"x":-0.08452701568603516,"y":0.02022641897201538,"z":0.8005028963088989},"rotation":{"x":0.0022965024691075088,"y":-0.9974600672721863,"z":0.06022943556308746,"w":0.03802840784192085},"size":1.1208522319793702,"orthographic":false}